char,name,email,string(20)
f,Lucinda Jimenez,ew@geta.mu,xLKoli$okIg0LNF#TXpr
v,Timothy Roberts,fi@juud.wf,IDk^pm%DBRQkGVVbv9XN
H,Antonio Carr,ves@za.be,$2VQTc0OpupxgR1)6hYr
q,Gussie Farmer,owaso@fejig.py,qYwjr#VymywYqeWvCuig
X,Ellen Hamilton,sut@hidul.tf,x*3qV6aGjeh^XG#AjAaD
8,Emilie May,fi@cusbob.bt,HCw@qM*qE#WA8uaP6J0A
4,Juan Santiago,fabow@wuldepot.pr,WHgmBxkpg2#zPnPUXYgi
@,Elsie Glover,iwaik@heibi.sm,GJXYVKpi93Q4#Zu0EXz0
c,Stella Bush,ne@ri.sn,7W#e[jf$3i5&BcxVl]1c
p,Brett Smith,doajuviv@helfib.ge,Iz$v26nzDg#QP55hQVY6
X,Theresa Tate,ufeeta@lonolmi.mr,cm1BY)muZwzCp2)zlEHj
x,Katharine Horton,aje@onbi.ch,aSE@gJXYCBd9Otu&Et[G
p,Mattie Young,pafiz@nep.mc,dngaKQp)q@d7FR$oNmL@
1,Cornelia Benson,zet@reseb.az,2MaqCGii)$7R&xr[jKwu
4,Betty Adkins,lupotub@ko.eh,gGFr#z2vgU0fQFG*pUD7
!,Gavin Kennedy,usvo@deucro.pf,1v%za)RevM8EIs&EfG5g
V,Todd Lambert,ance@eknogme.tk,KS[)4s]Rbp#rpV0eAgD1
X,Mabelle Cobb,lacfo@zusteit.by,p2v*33%^g!%GgcHGORiX
%,Charles Norman,de@hiw.ml,xo(Xb*x@6xUrh#vKL)hQ
L,Milton Porter,pen@napujug.gw,[ZMUSX4QCNP[$[oP(](c
R,Alan Owens,bon@let.ga,N$LP[0rmoZ%Rop!bTbt9
Y,Ida Fletcher,te@rackig.nf,!RLLGzfzAYjTN]%!wI4!
I,Ola Martin,robef@jevocce.no,qDxP)[vwjOe2mGI&7Uum
@,Lucy Brady,novatooh@pijlo.jm,vs!OSl9Bh1ffuK54[fVe
O,Johnny Drake,satnapki@rikuti.kw,jvzRO4nI)3PL(dfs[vSJ
4,Florence Parker,bogeb@behevzoz.io,e^2ake!PKziY5kdiucTs
l,Ian Rogers,bew@co.va,uNM2HnRC7luVM9Km@Df8
[,James Manning,vehsov@tutizogo.pn,uBTHfUQLJ!wIO7Dq1E(0
S,Mittie Gross,wigav@ho.ag,#%VbPCSqL9Zdm6[bCshR
y,Sophia Garcia,akge@baicefes.my,oQOo)h6TEiMbE%55gQq7
i,Jeffrey Edwards,le@uregu.cn,s%UF*IdUEME@T^!84H5o
(,Leah Moody,di@sazeopo.bs,I&hn(8p##zLD9thwfi9Y
Z,Juan Stevenson,woza@sacke.fi,LaI(qqnT7YjrQ5BpAs&E
$,Andre Owens,lafzuvba@lun.gh,$bfzO3aMPk*Azz#K$Jk*
9,Gabriel Diaz,be@nomat.ro,je(R&NVyIxETmZF[dMnq
J,Danny Anderson,iznaluc@ete.nf,*cRVE#(SWrn&q5EKe1Yl
d,Alexander Fields,jeczunol@wupsevtur.al,o3DnO8*c3#d03GL84rdm
J,Francis Adkins,go@locore.al,acekHpqczko^&U%h4X3$
a,Jordan Henderson,bej@depe.kp,hTe*EQBvp9dHfeUAM15F
D,Kenneth Parsons,faptuh@muha.bq,**!)8bxWCYYKJFd4v6fn
o,Manuel Webster,wah@mu.com,2)T@L1c06slG7c%X#cgS
U,Jonathan Smith,kez@ohu.hn,ZK$k%kETK*g@p2VRb#uK
0,Tyler Henderson,uciih@nunecco.sh,4DddM[wdbD27zDOunx*B
X,Sam Simmons,fecugol@to.kh,qhWdS@gKjk@]qRW&LqBc
4,Lelia Henry,vebcew@koleno.rs,LOiJzbyV9s9G^ma[C@s!
x,Adelaide Gill,uja@gij.ck,QDs9p5Ny6pGY1(q6i(%e
n,Harriet Franklin,ro@bolcohpoh.kn,PQ$zj%k#2y4&8!%cjHd#
k,Dale McDaniel,irapupu@homrurruw.bi,D5D43hLI6q1dP8wd4j!d
2,Rebecca James,nebifo@hapdo.it,5!7bUrf4)o%#kVGKTWQ5
Q,Barry Garza,naol@totu.gr,rFKA#8v37Qj8@4Ejk@9!
1,Bertie Lopez,op@wabavlug.si,OHmb4Je$#k9AxtiTF[@4
D,Mabelle Pena,begkudpoc@taz.cz,)HxZvia9K9&2%qu8*olf
u,Cornelia Rios,uhgi@zitfu.com,I9wYC&aR3jQ8vYnw5NFW
m,Margaret Wade,tuoni@ren.pm,10l9dKSY&]]KASb2eYBa
Y,Leah Hall,riwo@hevdovuda.bo,fpqQg(eE&0z[w%]JjHSu
m,Linnie Shelton,kem@ranomkob.ca,JURcFGgPr^EZmVZVDnaj
g,Belle Russell,pa@eji.py,9v$7R4G1cmGsbZDZZp&I
],Chase Castillo,piwo@panaleb.ws,Lz&)V4PgEMyp*^tl(#G%
u,Catherine Williamson,di@befec.mq,QCWCO[Ufn0JBdpcYwRLi
H,Inez Hernandez,feldulwuf@doakbah.jp,RjL*qsJNi3hUcExf31Ho
x,Jeremiah Garza,newfueg@en.py,7P@jdN$q8lopVCx3Efmn
N,Rebecca Moran,sic@nehuzaf.pw,Ae5ILJv$reL#A2GvL%QB
q,Calvin Mathis,weadasu@kow.ae,NPaj6$*$[J#4kIIFmpLu
z,Martha Nash,gu@fajva.gov,[neI3eiO)O%6C[ZqXlOo
o,Susie Diaz,ra@delurjef.pn,HN3QHi#k]uor$7A!REt&
L,Louisa Anderson,fiik@uj.it,I$g%fVdBvfr$[#A#UCQF
^,Emily Bailey,ugoba@eciiveora.in,tAE5iE9kf!O9iU8E!ra5
F,Norman Neal,so@avbaucu.kw,KI)S0ZW@81M@u$5CfE%u
I,Iva Hardy,kifna@zu.kn,j9Mi#9n5hgoSfEkbGpr4
f,Jerome Tucker,jetfuf@wirmo.co.uk,M)n$0wP463C]vBCm*tih
W,Belle Baker,jukuhe@ivuziko.tv,u9^UZh!5W5rvfQhBRszz
O,Jeremy Dennis,uda@ohabe.org,]ZLJ1Vxig(z6PfP(nXGl
2,Trevor Mann,ubu@balvo.gl,qtYMiPI]eXGFI2E&&oU8
x,Angel Ward,bi@fu.vu,93IKg@OZ!fawxW)KhFSj
y,Ellen Clayton,hectom@erzogzuh.id,9eAwzI9sY1fT1!ht3v#F
N,Vernon Wallace,affegvef@had.al,L6rGML62Tup]&ST]M2TN
T,Lee Sherman,pira@sufcap.in,a)[ZLL4jTvz]oM1WZ(s$
),Bernice Moran,mugoc@zunmab.pw,@hJcHo5*RI58NdAb*&Cq
3,Sue Mack,de@vi.hm,rH[7A*u[F$Cyx&dyfd(g
C,Jeremy Ryan,bihsuul@uvbaha.ky,40rDH]POQ[7%Hv44*f(i
e,Rosalie Nguyen,wapip@fehni.cg,D*rmf8U^xOuq@JKQn$3f
@,Glen Little,kaufa@ic.jo,U%xBQd1Tav#XMGGIK[Ou
T,Myrtie Wagner,gosefcid@siwib.jm,e^9MKjri1TfW50jiHF*(
y,Eddie Graham,gusnodab@mo.pk,hTJK^uuWNw5EQQCiHev$
7,Amelia Rios,ob@bif.ly,)ssIxVs(5#$RO9#F]l)8
E,Eddie Becker,kimifcid@fe.in,TX6r1B]lxGuTEXks93BK
Z,Flora Luna,dedcek@tel.sk,[HV]%$zeXYELjn#8P8yX
n,Katie Freeman,miw@gowicdaz.sx,x#TDrHQe(^[W0jTVN3*w
c,Rosalie Todd,jo@cawek.wf,MdPAYEpvSIQ7OO[ubP@3
m,Glenn Oliver,ogrardeb@fimeg.sl,uakOuo05jEy*8lWmiEl2
0,Richard Patton,fok@pogebud.ye,%VQ^X!spGQ5C#eTn@cwY
q,Austin McCoy,lihpe@julwovvum.eu,5M9dqrq#hPQdn85ar!(e
T,Jimmy Byrd,difib@pog.bd,qWSK&Nw5u81G$w4vkE(R
N,Ida Harris,fatlek@bac.ne,*aOASO]sE%3TdY6k&1dn
u,Minnie Turner,wim@uwo.md,ga4M4rW^rrpZ&vBA6U2v
R,Helen Bishop,lujli@movutu.cy,OFFupcZHmmJp1rNEl4JP
o,Olive Vargas,mujiowi@nedocho.vc,QoJcnZGDJnOUPq3*aGO*
R,Amelia Valdez,hagdensiv@wo.de,I]Goc!FUNz5$(xKH^!R3
o,Polly McGee,jefuube@wo.kp,TGiViysJ7hhN4G8zXrX0
p,Lawrence Simpson,rode@huhbeno.gi,XNlF14cHi#^Nf4*Y9yj(
1,Sophie Castillo,unabpi@nikera.jo,QwTG9JS1#lQJXd$02Awl
s,Timothy Silva,ontooh@jula.in,p(bYbX5D)9$5dy2dP8@N
%,Frank Gonzalez,jawcusmav@dagevu.sc,tx(usoauyk*O9ID^5Rha
n,Annie Payne,wetbugej@webu.co.uk,Yl4Ti906FgdYouCA*K&S
P,Rosalie Klein,kacal@suwat.ci,vlAmfPzRiy)NDFp[cPhV
c,Jack Anderson,kehu@uhuanu.uz,hxo*k%$xt^DTw2cgFA20
c,Alfred Garner,ozvien@zi.bo,SPr[JemgRKjHD3U6BiJS
c,Cody Terry,vuzva@diwzap.in,qTgUJJTBE*!)9dB[PKjq
R,Nettie Perez,mi@taplaati.sy,Iag6HN!A5FDQIhHKCR2&
@,Helen Williamson,fufbonzap@tura.ad,PE$r00B[1wGEPylwCUax
[,Jason Curtis,ov@dupjun.eu,![f4HwtJR*U3dt&L$I1G
v,Lida Fernandez,mubuvkab@ce.sz,dGVZqs&B#rGousNuXVF%
i,Gussie Jenkins,lohzofo@lihuek.rs,bo^]Q%*DRfq&omJy)VVl
u,Hunter Blair,ezu@ceuz.tz,@X4g!u*[Q$YrurSO6L^4
V,Bernice Evans,famuk@lifcon.mh,(egUY1!p)Fo(ZNa4EgH#
w,Birdie Chandler,vivder@oguup.mv,N!4U!twC7W&W$NnC%#4g
i,Ollie Marsh,me@mocat.cf,p5Q^l0dZFBEc&eR!bbfs
m,Kyle McCoy,fiit@bon.ag,5hg%xT57sVBuQ4r1P$*7
3,Victoria Wise,lec@jif.am,F^zrMTsA#I4tkK)f*VIT
6,Louise Conner,funani@jotto.ie,FrnXuADW&KtWMpx^6*Yv
p,Cecilia Figueroa,ab@afmauho.at,I#T9SU4JKHOC5KyEVN(M
Z,Josephine Kennedy,giwom@canmivvid.bi,R2xFhJsJEf[&EEfC9dq(
),Bernard Valdez,uzurifal@sazu.ma,]zWGNMcsif(rfB5B2YlB
2,Owen Gonzales,ja@sake.tc,DifhwfhVw*P6]VyX3Zjz
3,Zachary Garza,kokwo@fauwve.io,JNt^tEmJ@b7kVyuk%b0e
i,Blanche Garrett,agaha@fosupean.ck,ocm%bTEzj59(s42T*OND
8,Lucille Hardy,robana@wenewbab.hk,nj)oQ3MtbZCJ(xvE!Vro
K,William Goodman,zega@eko.ag,VVEPQ7)QI0B1tL8z0jun
j,Alejandro Bennett,fezom@rowtuul.de,RrKUpa[)AskflovvivEr
T,Beatrice Ray,hah@mewav.ru,jG4JgFFidpxHjJ*8M]GJ
d,Sean Norton,um@ru.cf,c51bTftD(rNgA92JdCYk
%,Dominic Sharp,juwzoiru@bo.gh,&2zGbA&uBvWU[Kle3qXt
e,Juan Simpson,tu@hebdu.ax,BQs2!]mHyRzvk%&1pwG#
u,Dollie Reyes,ne@omo.pf,3zHGdqcISpF*pOjFm!sO
u,Ronnie Roberson,lecwih@muuw.pr,N3oep0r3G81kOk&G%*Q@
D,Aaron Stevens,anwulupi@iseahbo.ye,pXIWnZcjr2[jSnn!FZEz
C,Tillie Chambers,ituhuje@sijkofu.ie,#8mlbnV$[D3L[bxlqs^*
C,Ora Ortega,cusafafi@hewmoap.fk,a9YTa25)NW&V@#*57$7Y
R,Trevor Atkins,weffafew@nonahbid.sm,4OGn^72gVOhA#2aSfljp
X,Katharine Horton,fo@jaudaco.sd,@TToCso!aua)Z)f!6uL$
n,Gerald Christensen,gop@ve.ls,ZM$MaKIqDeM5WCTmmd$s
N,Sara Garner,jiberor@lirimil.ss,qDu77g66WbdCKXAeW0v7
^,Floyd Pittman,nofmuc@otefan.in,JOtgH34&KXVjl1%lV86s
s,Abbie Keller,iriso@coz.in,ogksQCTQev]&PqrNr4S)
A,Victoria Weber,towdej@me.mx,75mF!^H%cpyJ3hYeQJ*g
6,Ricardo Craig,ubi@foeloaza.bd,5xYVkXAk![2&cGHF%k2R
I,Nathan Wilkins,iju@leopa.at,A*ai%zZu9aedehd7z36d
%,Tillie Montgomery,zik@la.gs,&vESqG@c^C$Yw3Ie]Urp
^,Lenora Newton,vuer@rok.kp,pql(&yvIsi%db%zTZZ4k
I,Sam Powers,ja@uw.rw,xY$9er^hME7oTmpB&xY2
0,Ryan Massey,neemjow@akeponki.es,HU[auhFC7JWQqNm^tn3P
B,Sally Watts,moh@in.ci,a6BBiH*L88r)%s3ikktE
u,Lena Stone,vazbow@cezbosak.tn,@IicwwJW7GtZh71Nt9x&
m,Gary Bridges,fefit@ilitig.pw,ri1zRF47f4CTjcjbG$!G
L,Tyler Pearson,kiijhup@cumepo.tm,M*nRIzlD(QGxtA6C)rlG
L,Marian Terry,peunez@guvtuv.td,6r%SiOuRh9@mZC^y)lsF
v,Abbie Johnston,vewurap@li.om,ig)I]2kEM49O$4N4z$6z
z,Isaac Rodriquez,heab@pa.sm,r#uz4!wiHhMB*2TogmPY
N,Georgie Phelps,poocinu@be.my,^Yck%7^bSSBxb8nEXlF8
y,Lillie Andrews,peh@bejap.uy,LS]86^@RWyqxJ1FDj%f@
J,Sarah Chandler,jessejre@juwu.in,HrWiIF)4)dFReo8jD7Gl
e,Jordan Dixon,pic@awefezer.il,5ydihs!AP2tNoH7LWXt^
Z,Wayne Herrera,wucwu@lofupe.cz,Bh9O#&uiwv5YmNCkk[Vi
!,Tyler Hodges,penvab@dabes.kz,!JUIu!xm^)YMcFW&esY6
J,Clyde Peterson,bi@patu.gp,PetLO$(%NsTsXZbUO0mM
h,Eunice Tran,hi@vasfuham.gf,&KUjdsyr#h*)@i^Ah8rP
U,Marvin McDonald,bu@hasuta.va,xc*nCfaf!WU@sWSri1TL
e,Hattie Fernandez,hi@owezire.ug,bI%GG0gAhc1ElyDD[1v@
#,Georgie Sparks,zew@hav.tn,w@qckhWbLt75pGQfnap7
Z,Bobby Burke,cisfa@cone.ee,y1H@L3a%pkC4lYjpx!Na
q,Josephine Harper,hanvu@seic.ly,2ZbJIch%GLK*umP6EePf
v,Christina Saunders,wazmodila@elfazo.eu,HGqAXuy2DPoY$&Ar2nk!
z,Callie Scott,jugco@ligi.fo,Y3Nt]wlCouFRdzBjMmvF
a,Ethan Castillo,ejmoawu@nahokzi.lc,n4Z5GH[#G]*RmOgBKdkE
^,Gertrude Hayes,iridefesi@bed.kw,E(D9HxmERcA[*sOZCDiU
F,Melvin Burton,uwe@wedpudew.edu,tUxRfQmnjHAU8y]FWpS0
q,Maurice Bailey,hazbimbe@gofadwiv.be,ukB$!TJo3P9ZH296sPo*
d,Caroline Waters,lut@bawa.sa,Y($8V*4&!(jZKFHUJJoU
!,Hallie Moore,otaco@nifmaj.co,!T]TGyM^hM4nrKHAGnYA
A,Michael Campbell,amce@mil.bf,dTsq$oIMIsFG5I)7%t2e
#,Edwin Clark,ogjagik@ragus.edu,ucr(5Q!tL3IAhwox7LIE
N,Ellen Black,keube@cu.gd,r5hjtfVJHsXkv!!3%*9l
K,Bettie Jennings,dolupic@cisohju.au,Z8MwVbiG[FDGygV@W2v0
1,Shane Hicks,ligbata@dedumgo.tl,MMk3C6Kb8URQ2o#sGHva
T,Alice Davis,wucco@pijebac.bf,q*A9mn&z#[lTJBbiUUIR
c,Mabelle Hogan,wuncef@imohifol.kp,hSywO)e@Xm^@EFgKr!qn
0,Theodore Riley,iphocale@simpen.vg,9)3bp%TbGJ7(RzgRQof9
q,Fanny Wilkerson,lucfulej@keor.ua,SaJw2OL(ZmfHnOdV$KHP
N,Martin Saunders,palfo@jomsetcez.th,n1IW[d3d@CGk**4p!*rQ
#,Landon Kim,emde@fasi.vg,Qi]KQ7VpCw51fRANh)Hs
@,Mary Ramos,kub@kotara.net,VJO1rB%c0qHReIGo(6$c
D,Bertha Nichols,wuktan@lo.tl,WApnZ]uEmokBF^Tw]&Y8
E,Olivia Beck,cikacotac@to.km,@mh1*0eIcDSqjciHJdg@
O,Cornelia Davidson,ju@pe.tg,hQH5)Owg2rQX[hEcrjqf
[,Clarence Simon,rezikok@pihud.cg,UCj]A[ylfd[2MX@QIu&o
o,Estelle Morgan,riwlifker@sihticne.eu,HosubNDrJWGhj]poeU2M
V,Jeffrey Garrett,sovti@fa.bw,e(iGfoJy99WS7owXiifK
g,Belle Perkins,cama@fecij.vc,N#DYxL07Km4@r$&z88CX
a,Willie Cortez,fejviwhi@ve.mg,eDyrf#NEaJwM@R!I6iV)
%,Albert Wagner,gim@bot.tn,Y2$0kNMl3T^$LmjoA1Zh
n,Heinrich Helson,Helsonsen@helsen.de,Installation Revit version 19.21
