status, user, email
false,Douglas Dennis,baz@tosisfob.dz
true,Charles Saunders,cub@tepgujbe.mt
false,Cameron Nelson,botkok@odilov.uy
false,Lucy Kelly,si@irrufefu.cu
true,Timothy Perry,koasu@fuk.br
true,Roger Cox,jiwmekeg@la.pf
true,Eva Cooper,romje@pottu.kg
true,Alma Erickson,horce@ono.om
false,Emilie Moss,luccu@pikojboh.gr
true,Lucile Thompson,zor@vutado.an
false,Kyle Colon,vo@eteobite.by
true,Leon Adkins,ehnivu@ih.py
true,Marian Owen,nobmuk@webawje.do
true,Sophie Morrison,acaso@cobiw.rw
false,Charles Alexander,hovrej@va.lr
false,Theodore Sims,wusof@targaij.st
true,Madge West,soma@co.pg
true,Billy Harris,hapavu@zuvhef.com
true,Irene Fleming,do@anwirco.mu
false,Hannah Barton,ma@pos.ve
false,Benjamin Burns,je@novofni.nc
true,Sara Shaw,weviki@wu.sn
true,Verna Cole,uvihev@cefej.fk
false,Barbara Bush,rotoceh@pun.ls
true,Dale West,dogto@muhdiuvu.mg
true,Sara Cain,ukceilu@de.gt
false,Belle Hubbard,ja@velid.et
false,Julian Hughes,fadbidus@ze.bg
false,Essie Powell,miso@bidoug.mo
false,Jeremy Morgan,beafo@bokowahu.ke
false,Myra Mason,ce@mivri.sr
true,Logan Franklin,kulni@su.tr
false,Glenn Ryan,cam@dud.re
true,Jack Ballard,wohilvu@deog.it
true,Amanda Vaughn,tazbazih@suc.ni
true,Rosalie Snyder,eski@kicoj.mh
false,Chase Franklin,ed@noki.ir
true,Billy Romero,foniej@defcujdud.nc
true,Jesse Hopkins,vimepe@ojbidig.at
false,Dollie Berry,goemza@olmem.py
false,Ollie Jimenez,bijovaj@zolfolga.tj
true,Leo Daniel,miwig@okiguwli.bz
false,Jared Cole,tib@mole.mv
true,Cora Douglas,udope@fopha.gw
true,Maurice Montgomery,wed@tipud.lb
false,Jeffery Park,abrasep@wugsi.sk
true,Emily Padilla,pibpuw@jawluwcic.nr
false,Francisco Kelley,hiupu@abeworus.cc
false,Lottie Frank,ataw@bumugaz.md
false,Maud Mendez,oziruf@nun.nz
true,Jerry Martinez,umimouv@gur.sa
false,Glen Nash,hiahebo@ap.gd
true,Lloyd Page,ribki@lopnit.gq
true,Lulu Quinn,zegbig@nig.cm
true,Teresa Foster,wefpibvi@vucuta.dz
false,Leonard Hughes,hojov@zi.cw
true,Lucille Larson,ov@etevik.mt
true,Mabelle Fitzgerald,gihbionu@bo.om
true,Edgar Owens,tiila@fowbuka.gf
false,Rose Craig,buj@daf.com
true,Joshua Gilbert,ube@aga.cw
false,Belle Daniel,cemov@nosna.no
true,Carrie Ramos,cus@johabgac.pf
false,Bertha Spencer,koiz@feajaril.mn
true,Howard Blair,co@suk.af
true,Francisco Horton,hadole@wace.ve
false,Lilly Ingram,sipof@dum.ls
false,Vera Ramsey,du@nuni.no
true,Lewis Castro,ozuhu@nek.py
true,Jim Hunter,jozofif@ji.ly
false,Ruth Sullivan,pir@cekamfi.net
false,Sally Vega,edour@uko.mu
false,Callie Farmer,leme@wev.eh
false,Isaac Swanson,azi@dat.tr
true,Francisco Simon,mo@muvuvsap.mk
false,Esther Hodges,zivzegkuk@panjafas.eh
false,Joe Maxwell,apuluzwe@dilor.bq
false,Alma Hines,lahopap@nam.ci
false,Myrtle Jimenez,epku@ajeada.nz
false,Gene Patton,mebumfo@ned.zm
true,Norman Martinez,mi@rufidu.ai
true,Georgia McCarthy,wew@mal.ar
true,Christopher Logan,ih@few.ar
true,Lucile Morton,buil@bew.pl
false,Clarence Olson,udi@jiswe.gov
true,Hattie Bishop,simepso@wuhpoup.so
false,Laura Park,fokok@vob.lv
true,Lora Rios,avaku@be.ni
false,Lulu Neal,kuhcaglad@mezokobel.cg
false,Tom Perkins,peafu@wunoz.eh
true,Adam Stewart,sikabiuga@let.tc
true,Sadie Jenkins,imag@popzoj.dz
false,Bertie Singleton,mava@oziga.tm
false,Scott Norton,zi@bu.af
false,Ada Underwood,kajo@kojewcij.gm
false,Isabella Lyons,gat@ev.ae
false,Lewis Cunningham,raftufec@ulve.lk
false,Bryan Johnson,tin@el.uz
true,Mathilda Briggs,suwpa@ciwmera.pk
true,Jonathan Clayton,fudduini@or.rs
false,Sam Kennedy,oziobikoc@owiobme.al
false,Winnie Lynch,ivmab@wojawica.ki
false,Noah Floyd,oru@egibiwa.dz
true,Dorothy Martinez,gonbat@sacdo.bf
false,Jorge McKenzie,ig@bilzo.jp
false,Rosie Evans,tegdisad@fu.nz
true,Dollie Rodriquez,zelzo@ofawiru.eg
true,Alexander Torres,za@higniwij.sy
false,Daisy Butler,dada@biofbat.gb
true,Brandon Glover,kaczem@nerewki.cr
false,Lora Carter,pa@hahozol.ug
true,Bryan Hanson,zuger@tut.ba
false,Edward Lynch,rugudo@gunvap.net
false,Carolyn Barton,sahnefsip@vire.an
true,Tommy Chapman,levu@cean.ge
false,Tillie Wood,cifzohe@le.bf
false,Charlie Morgan,ol@ilewoer.fi
false,Walter Barber,suuneva@ezewewu.sh
true,Ola Perkins,wag@lehagbig.lb
false,Sophia Hall,fivliv@gime.tm
true,Cynthia Norton,ajicot@ipwine.ie
true,Augusta Clarke,ib@li.sl
true,Cecilia Clayton,hikih@rak.ni
true,Ada Becker,wetlu@je.et
false,Elijah Matthews,pomozra@dokucam.ai
true,Samuel Conner,ga@necsuj.su
true,Donald Jimenez,wu@uv.cg
false,Marguerite Carr,poh@pezovvo.tk
false,Johanna Mann,beritzaw@bowez.re
true,Don Wilkerson,jikkabon@tah.ge
false,Anthony Simon,pocu@il.mp
true,Adam Fowler,uj@zulatelal.ao
true,Pauline Harper,wuramom@oghusaw.sa
true,Edgar Frank,jic@celgunaf.sk
false,Mable Kelly,afeajo@fa.br
true,Dennis Munoz,sofug@fijvi.cf
false,Millie Sullivan,milci@kavzopepe.tn
false,Larry Hoffman,zuwhab@tiorhum.cd
true,Gregory Lee,wa@iwgoju.gt
true,Bettie Morrison,acmo@rolwem.uk
true,Winnie Harrison,gujdisbup@karujoz.me
true,Ora Lowe,zasrucut@julfigevi.ck
true,Arthur Houston,sot@viozva.ax
true,Roy Cole,cubve@hasip.es
false,Lawrence Potter,avaesizem@reshetgag.kn
true,Aiden Gonzales,ve@ejca.gh
false,Harriett Alvarez,la@wevu.uy
false,Steven Burton,da@vuga.fo
true,Maude Tyler,nuc@pezajuk.qa
true,Eddie Mason,diwcovaf@gu.as
false,Harriet Watson,wudjeopu@asaebioj.cu
true,Jerome Moss,wes@parid.kw
true,Franklin Rose,hecpeov@ub.la
true,Della Marshall,gin@ki.lt
true,Myrtie Porter,oje@maw.cu
true,Brent Kennedy,keje@fe.nc
false,William Peters,nab@da.py
false,Trevor Rowe,wukre@kedlucom.de
false,Mildred Clarke,suv@ighebic.tc
false,Evan Wade,sel@ge.tw
false,Darrell Willis,begweabu@kivutu.gy
false,Ophelia Stanley,ja@fappak.my
true,Allie Holloway,cewdezna@zemta.sk
false,Lura Gordon,doteh@ija.il
true,Marguerite Moss,ibriuwe@hubno.nc
true,Carolyn Griffin,suvhuh@wafuvif.an
false,Adele Warner,pebrak@femusek.nl
true,Evan Burton,edipziz@ledon.dz
false,Sam Williamson,tap@vagju.sb
true,Elnora Brewer,hi@sahual.ir
false,Pearl Morton,elesien@wacaceuma.hu
true,Bessie Dennis,dega@ter.eh
true,Owen Fisher,pom@fegozun.ca
false,Virgie Hammond,hag@neb.eu
false,Isaiah Miller,cud@kalo.gu
true,Larry Norton,wughicla@epo.ss
true,Craig Valdez,mikaiv@watdockoj.lb
true,Cody Christensen,lum@zackuhe.us
true,Stanley Butler,hig@ohde.ro
true,Rebecca McBride,luhojgo@zevpeh.uy
true,Mattie Castro,edo@uj.mp
false,Trevor Bryant,ihunam@gu.tl
true,Jordan Manning,rucavus@metco.aw
false,Alvin Flowers,ubwazeg@erra.ee
true,Louis Tran,palulig@sikabu.la
true,Inez Cruz,eva@ganorne.pw
false,Ricardo Bowers,ida@wu.gi
false,Alan Bell,sos@fimvopew.mt
false,Elnora Jackson,ukagefdiz@ubiocni.bj
false,Edward Gross,il@bulifap.cm
false,Nettie Hoffman,jik@leaci.vu
true,Milton Fields,gab@gumhu.li
true,Joseph Norton,pehdafda@afiligos.ee
true,Ina Doyle,pejuv@letpuw.sy
true,Estella Alvarez,no@goeprik.zw
true,Stella Sanchez,nutcal@uti.tk
false,Jeremiah Summers,pen@owdethi.gt
true,Jack Hanson,ihhu@re.pa
true,Nora Richards,ku@wujoz.vu
false,Lloyd Floyd,emezus@jepfokhi.lb
